id;order;xn;yn;entry_number;entry_date;area;unit;breeding_amount;species 1;species 2;species 3;species 4;species 5;species 6;species 7;species 8;species 9;species 10;species 11;species 12;species 13;species 14;species 15;species 16;species 17;species 18;species 19;species 20
32;1;4856095,502;420143,756;27.;4.5.2018;224800;m2;804,4;lubin (Dicentrarchus labrax); komarca (Sparus aurata); hama  (Argyrosomus regius); gof (Seriola dumerili);zubatac (Dentex dentex);;;;;;;;;;;;;;;
32;2;4856323,478;420306,341;27.;4.5.2018;224800;m2;804,4;lubin (Dicentrarchus labrax); komarca (Sparus aurata); hama  (Argyrosomus regius); gof (Seriola dumerili);zubatac (Dentex dentex);;;;;;;;;;;;;;;
32;3;4856275,075;420374,214;27.;4.5.2018;224800;m2;804,4;lubin (Dicentrarchus labrax); komarca (Sparus aurata); hama  (Argyrosomus regius); gof (Seriola dumerili);zubatac (Dentex dentex);;;;;;;;;;;;;;;
32;4;4856106,582;420444,394;27.;4.5.2018;224800;m2;804,4;lubin (Dicentrarchus labrax); komarca (Sparus aurata); hama  (Argyrosomus regius); gof (Seriola dumerili);zubatac (Dentex dentex);;;;;;;;;;;;;;;
32;5;4856047,034;420812,587;27.;4.5.2018;224800;m2;804,4;lubin (Dicentrarchus labrax); komarca (Sparus aurata); hama  (Argyrosomus regius); gof (Seriola dumerili);zubatac (Dentex dentex);;;;;;;;;;;;;;;
32;6;4855701,51;420756,703;27.;4.5.2018;224800;m2;804,4;lubin (Dicentrarchus labrax); komarca (Sparus aurata); hama  (Argyrosomus regius); gof (Seriola dumerili);zubatac (Dentex dentex);;;;;;;;;;;;;;;
32;7;4855778,668;420279,62;27.;4.5.2018;224800;m2;804,4;lubin (Dicentrarchus labrax); komarca (Sparus aurata); hama  (Argyrosomus regius); gof (Seriola dumerili);zubatac (Dentex dentex);;;;;;;;;;;;;;;
32;8;4856025,512;420241,898;27.;4.5.2018;224800;m2;804,4;lubin (Dicentrarchus labrax); komarca (Sparus aurata); hama  (Argyrosomus regius); gof (Seriola dumerili);zubatac (Dentex dentex);;;;;;;;;;;;;;;
33;1;4856277,323;420712,308;27.;4.5.2018;205100;m2;1340,6;lubin (Dicentrarchus labrax); komarca (Sparus aurata); hama  (Argyrosomus regius); gof (Seriola dumerili);zubatac (Dentex dentex);;;;;;;;;;;;;;;
33;2;4856624,298;420855,152;27.;4.5.2018;205100;m2;1340,6;lubin (Dicentrarchus labrax); komarca (Sparus aurata); hama  (Argyrosomus regius); gof (Seriola dumerili);zubatac (Dentex dentex);;;;;;;;;;;;;;;
33;3;4856446,632;421286,719;27.;4.5.2018;205100;m2;1340,6;lubin (Dicentrarchus labrax); komarca (Sparus aurata); hama  (Argyrosomus regius); gof (Seriola dumerili);zubatac (Dentex dentex);;;;;;;;;;;;;;;
33;4;4856387,173;421352,341;27.;4.5.2018;205100;m2;1340,6;lubin (Dicentrarchus labrax); komarca (Sparus aurata); hama  (Argyrosomus regius); gof (Seriola dumerili);zubatac (Dentex dentex);;;;;;;;;;;;;;;
33;5;4856067,94;421220,92;27.;4.5.2018;205100;m2;1340,6;lubin (Dicentrarchus labrax); komarca (Sparus aurata); hama  (Argyrosomus regius); gof (Seriola dumerili);zubatac (Dentex dentex);;;;;;;;;;;;;;;
49;1;4861582,64;412133,64;41.;6.7.2018;25172;m2;200;lubin (Dicentrarchus labrax); komarca (Sparus aurata); zubatac (Dentex dentex); pagar (Pagrus pagrus); hama (Argyrosomus regius);pic (Diplodus puntazzo);;;;;;;;;;;;;;
49;2;4861513,57;412246,41;41.;6.7.2018;25172;m2;200;lubin (Dicentrarchus labrax); komarca (Sparus aurata); zubatac (Dentex dentex); pagar (Pagrus pagrus); hama (Argyrosomus regius);pic (Diplodus puntazzo);;;;;;;;;;;;;;
49;3;4861443,51;412359,17;41.;6.7.2018;25172;m2;200;lubin (Dicentrarchus labrax); komarca (Sparus aurata); zubatac (Dentex dentex); pagar (Pagrus pagrus); hama (Argyrosomus regius);pic (Diplodus puntazzo);;;;;;;;;;;;;;
49;4;4861362,41;412308,68;41.;6.7.2018;25172;m2;200;lubin (Dicentrarchus labrax); komarca (Sparus aurata); zubatac (Dentex dentex); pagar (Pagrus pagrus); hama (Argyrosomus regius);pic (Diplodus puntazzo);;;;;;;;;;;;;;
49;5;4861432,45;412196,93;41.;6.7.2018;25172;m2;200;lubin (Dicentrarchus labrax); komarca (Sparus aurata); zubatac (Dentex dentex); pagar (Pagrus pagrus); hama (Argyrosomus regius);pic (Diplodus puntazzo);;;;;;;;;;;;;;
49;6;4861501,52;412084,16;41.;6.7.2018;25172;m2;200;lubin (Dicentrarchus labrax); komarca (Sparus aurata); zubatac (Dentex dentex); pagar (Pagrus pagrus); hama (Argyrosomus regius);pic (Diplodus puntazzo);;;;;;;;;;;;;;
56;1;4873453,27;388284,69;42.;6.7.2018;536800;m2;3000;lubin (Dicentrarchus labrax); komarca (Sparus aurata); zubatac (Dentex dentex); pagar (Pagrus pagrus); hama (Argyrosomus regius); pic (Diplodus puntazzo);gof (Seriola dumerili);;;;;;;;;;;;;
56;2;4873144,94;388822,59;42.;6.7.2018;536800;m2;3000;lubin (Dicentrarchus labrax); komarca (Sparus aurata); zubatac (Dentex dentex); pagar (Pagrus pagrus); hama (Argyrosomus regius); pic (Diplodus puntazzo);gof (Seriola dumerili);;;;;;;;;;;;;
56;3;4872846,56;389343,13;42.;6.7.2018;536800;m2;3000;lubin (Dicentrarchus labrax); komarca (Sparus aurata); zubatac (Dentex dentex); pagar (Pagrus pagrus); hama (Argyrosomus regius); pic (Diplodus puntazzo);gof (Seriola dumerili);;;;;;;;;;;;;
56;4;4872464,82;389124,32;42.;6.7.2018;536800;m2;3000;lubin (Dicentrarchus labrax); komarca (Sparus aurata); zubatac (Dentex dentex); pagar (Pagrus pagrus); hama (Argyrosomus regius); pic (Diplodus puntazzo);gof (Seriola dumerili);;;;;;;;;;;;;
56;5;4872763,21;388603,77;42.;6.7.2018;536800;m2;3000;lubin (Dicentrarchus labrax); komarca (Sparus aurata); zubatac (Dentex dentex); pagar (Pagrus pagrus); hama (Argyrosomus regius); pic (Diplodus puntazzo);gof (Seriola dumerili);;;;;;;;;;;;;
56;6;4873071,54;388065,88;42.;6.7.2018;536800;m2;3000;lubin (Dicentrarchus labrax); komarca (Sparus aurata); zubatac (Dentex dentex); pagar (Pagrus pagrus); hama (Argyrosomus regius); pic (Diplodus puntazzo);gof (Seriola dumerili);;;;;;;;;;;;;
58;1;5003315,14;281260,46;43.;6.7.2018;3751;m2;150;dagnja (Mytilus galloprovincialis);kamenica (Ostrea edulis);;;;;;;;;;;;;;;;;;
58;2;5003350,78;281231,69;43.;6.7.2018;3751;m2;150;dagnja (Mytilus galloprovincialis);kamenica (Ostrea edulis);;;;;;;;;;;;;;;;;;
58;3;5003485,06;280819,84;43.;6.7.2018;3751;m2;150;dagnja (Mytilus galloprovincialis);kamenica (Ostrea edulis);;;;;;;;;;;;;;;;;;
58;4;5003470,25;280784,44;43.;6.7.2018;3751;m2;150;dagnja (Mytilus galloprovincialis);kamenica (Ostrea edulis);;;;;;;;;;;;;;;;;;
58;5;5003497,14;280621,4;43.;6.7.2018;3751;m2;150;dagnja (Mytilus galloprovincialis);kamenica (Ostrea edulis);;;;;;;;;;;;;;;;;;
58;6;5003522,07;280593,87;43.;6.7.2018;3751;m2;150;dagnja (Mytilus galloprovincialis);kamenica (Ostrea edulis);;;;;;;;;;;;;;;;;;
58;7;5003520,04;280162,46;43.;6.7.2018;3751;m2;150;dagnja (Mytilus galloprovincialis);kamenica (Ostrea edulis);;;;;;;;;;;;;;;;;;
58;8;5003494,25;279999,15;43.;6.7.2018;3751;m2;150;dagnja (Mytilus galloprovincialis);kamenica (Ostrea edulis);;;;;;;;;;;;;;;;;;
58;9;5003396,99;279296,99;43.;6.7.2018;3751;m2;150;dagnja (Mytilus galloprovincialis);kamenica (Ostrea edulis);;;;;;;;;;;;;;;;;;
58;10;5003408,88;279265,42;43.;6.7.2018;3751;m2;150;dagnja (Mytilus galloprovincialis);kamenica (Ostrea edulis);;;;;;;;;;;;;;;;;;
58;11;5003175,83;278808,51;43.;6.7.2018;3751;m2;150;dagnja (Mytilus galloprovincialis);kamenica (Ostrea edulis);;;;;;;;;;;;;;;;;;
58;12;5003128,51;278770,8;43.;6.7.2018;3751;m2;150;dagnja (Mytilus galloprovincialis);kamenica (Ostrea edulis);;;;;;;;;;;;;;;;;;
61;1;4877761,43;397605,46;45.;6.7.2018;42439;m2;250;lubin (Dicentrachus labrax); komarca (Sparus aurata); zubatac (Dentex dentex); pagar (Pagrus pagrus); hama (Argyrosomus regius); pic (Diplodus puntazzo); gof (Seriola dumerili);romb (Platichthys flesus);;;;;;;;;;;;
61;2;4877849,32;397793,6;45.;6.7.2018;42439;m2;250;lubin (Dicentrachus labrax); komarca (Sparus aurata); zubatac (Dentex dentex); pagar (Pagrus pagrus); hama (Argyrosomus regius); pic (Diplodus puntazzo); gof (Seriola dumerili);romb (Platichthys flesus);;;;;;;;;;;;
61;3;4877651,43;397852,87;45.;6.7.2018;42439;m2;250;lubin (Dicentrachus labrax); komarca (Sparus aurata); zubatac (Dentex dentex); pagar (Pagrus pagrus); hama (Argyrosomus regius); pic (Diplodus puntazzo); gof (Seriola dumerili);romb (Platichthys flesus);;;;;;;;;;;;
61;4;4877563,54;397664,73;45.;6.7.2018;42439;m2;250;lubin (Dicentrachus labrax); komarca (Sparus aurata); zubatac (Dentex dentex); pagar (Pagrus pagrus); hama (Argyrosomus regius); pic (Diplodus puntazzo); gof (Seriola dumerili);romb (Platichthys flesus);;;;;;;;;;;;
62;1;4877223,86;396836,36;45.;6.7.2018;36241;m2;250;lubin (Dicentrachus labrax); komarca (Sparus aurata); zubatac (Dentex dentex); pagar (Pagrus pagrus); hama (Argyrosomus regius); pic (Diplodus puntazzo); gof (Seriola dumerili);romb (Platichthys flesus);;;;;;;;;;;;
62;2;4877307,31;397002,77;45.;6.7.2018;36241;m2;250;lubin (Dicentrachus labrax); komarca (Sparus aurata); zubatac (Dentex dentex); pagar (Pagrus pagrus); hama (Argyrosomus regius); pic (Diplodus puntazzo); gof (Seriola dumerili);romb (Platichthys flesus);;;;;;;;;;;;
62;3;4877120,13;397097,53;45.;6.7.2018;36241;m2;250;lubin (Dicentrachus labrax); komarca (Sparus aurata); zubatac (Dentex dentex); pagar (Pagrus pagrus); hama (Argyrosomus regius); pic (Diplodus puntazzo); gof (Seriola dumerili);romb (Platichthys flesus);;;;;;;;;;;;
62;4;4877058,69;396930,01;45.;6.7.2018;36241;m2;250;lubin (Dicentrachus labrax); komarca (Sparus aurata); zubatac (Dentex dentex); pagar (Pagrus pagrus); hama (Argyrosomus regius); pic (Diplodus puntazzo); gof (Seriola dumerili);romb (Platichthys flesus);;;;;;;;;;;;
63;1;4876543;396756;45.;6.7.2018;96664;m2;1000;lubin (Dicentrachus labrax); komarca (Sparus aurata); zubatac (Dentex dentex); pagar (Pagrus pagrus); hama (Argyrosomus regius); pic (Diplodus puntazzo); gof (Seriola dumerili);romb (Platichthys flesus);;;;;;;;;;;;
63;2;4876661;396869;45.;6.7.2018;96664;m2;1000;lubin (Dicentrachus labrax); komarca (Sparus aurata); zubatac (Dentex dentex); pagar (Pagrus pagrus); hama (Argyrosomus regius); pic (Diplodus puntazzo); gof (Seriola dumerili);romb (Platichthys flesus);;;;;;;;;;;;
63;3;4877744,19;396786,66;45.;6.7.2018;96664;m2;1000;lubin (Dicentrachus labrax); komarca (Sparus aurata); zubatac (Dentex dentex); pagar (Pagrus pagrus); hama (Argyrosomus regius); pic (Diplodus puntazzo); gof (Seriola dumerili);romb (Platichthys flesus);;;;;;;;;;;;
63;4;4876785,55;396826,26;45.;6.7.2018;96664;m2;1000;lubin (Dicentrachus labrax); komarca (Sparus aurata); zubatac (Dentex dentex); pagar (Pagrus pagrus); hama (Argyrosomus regius); pic (Diplodus puntazzo); gof (Seriola dumerili);romb (Platichthys flesus);;;;;;;;;;;;
63;5;4876853,45;396759,05;45.;6.7.2018;96664;m2;1000;lubin (Dicentrachus labrax); komarca (Sparus aurata); zubatac (Dentex dentex); pagar (Pagrus pagrus); hama (Argyrosomus regius); pic (Diplodus puntazzo); gof (Seriola dumerili);romb (Platichthys flesus);;;;;;;;;;;;
63;6;4876812,09;396719,44;45.;6.7.2018;96664;m2;1000;lubin (Dicentrachus labrax); komarca (Sparus aurata); zubatac (Dentex dentex); pagar (Pagrus pagrus); hama (Argyrosomus regius); pic (Diplodus puntazzo); gof (Seriola dumerili);romb (Platichthys flesus);;;;;;;;;;;;
63;7;4877054;396480;45.;6.7.2018;96664;m2;1000;lubin (Dicentrachus labrax); komarca (Sparus aurata); zubatac (Dentex dentex); pagar (Pagrus pagrus); hama (Argyrosomus regius); pic (Diplodus puntazzo); gof (Seriola dumerili);romb (Platichthys flesus);;;;;;;;;;;;
63;8;4876937;396363;45.;6.7.2018;96664;m2;1000;lubin (Dicentrachus labrax); komarca (Sparus aurata); zubatac (Dentex dentex); pagar (Pagrus pagrus); hama (Argyrosomus regius); pic (Diplodus puntazzo); gof (Seriola dumerili);romb (Platichthys flesus);;;;;;;;;;;;
64;1;4877036;396276;45.;6.7.2018;110325;m2;970;lubin (Dicentrachus labrax); komarca (Sparus aurata); zubatac (Dentex dentex); pagar (Pagrus pagrus); hama (Argyrosomus regius); pic (Diplodus puntazzo); gof (Seriola dumerili);romb (Platichthys flesus);;;;;;;;;;;;
64;2;4877110;396524;45.;6.7.2018;110325;m2;970;lubin (Dicentrachus labrax); komarca (Sparus aurata); zubatac (Dentex dentex); pagar (Pagrus pagrus); hama (Argyrosomus regius); pic (Diplodus puntazzo); gof (Seriola dumerili);romb (Platichthys flesus);;;;;;;;;;;;
64;3;4877512;396384;45.;6.7.2018;110325;m2;970;lubin (Dicentrachus labrax); komarca (Sparus aurata); zubatac (Dentex dentex); pagar (Pagrus pagrus); hama (Argyrosomus regius); pic (Diplodus puntazzo); gof (Seriola dumerili);romb (Platichthys flesus);;;;;;;;;;;;
64;4;4877439;396135;45.;6.7.2018;110325;m2;970;lubin (Dicentrachus labrax); komarca (Sparus aurata); zubatac (Dentex dentex); pagar (Pagrus pagrus); hama (Argyrosomus regius); pic (Diplodus puntazzo); gof (Seriola dumerili);romb (Platichthys flesus);;;;;;;;;;;;
65;1;4878662,44;387303,44;47.;9.7.2018;210000;m2;700;lubin (Dicentrarchus labrax); komarca (Sparus aurata); zubatac (Dentex dentex); pagar (Pagrus pagrus); hama (Argyrosomus regius); pic (Diplodus puntazzo);gof (Seriola dumerili);;;;;;;;;;;;;
65;2;4878826,75;387554,44;47.;9.7.2018;210000;m2;700;lubin (Dicentrarchus labrax); komarca (Sparus aurata); zubatac (Dentex dentex); pagar (Pagrus pagrus); hama (Argyrosomus regius); pic (Diplodus puntazzo);gof (Seriola dumerili);;;;;;;;;;;;;
65;3;4878241,08;387937,84;47.;9.7.2018;210000;m2;700;lubin (Dicentrarchus labrax); komarca (Sparus aurata); zubatac (Dentex dentex); pagar (Pagrus pagrus); hama (Argyrosomus regius); pic (Diplodus puntazzo);gof (Seriola dumerili);;;;;;;;;;;;;
65;4;4878076,77;387686,84;47.;9.7.2018;210000;m2;700;lubin (Dicentrarchus labrax); komarca (Sparus aurata); zubatac (Dentex dentex); pagar (Pagrus pagrus); hama (Argyrosomus regius); pic (Diplodus puntazzo);gof (Seriola dumerili);;;;;;;;;;;;;
71;1;4844921,7;439385,35;50.;23.7.2018;23484;m2;100;dagnja (Mytilus galloprovincialis);kamenica (Ostrea edulis);;;;;;;;;;;;;;;;;;
71;2;4844968,61;439489,26;50.;23.7.2018;23484;m2;100;dagnja (Mytilus galloprovincialis);kamenica (Ostrea edulis);;;;;;;;;;;;;;;;;;
71;3;4844780,82;439573,99;50.;23.7.2018;23484;m2;100;dagnja (Mytilus galloprovincialis);kamenica (Ostrea edulis);;;;;;;;;;;;;;;;;;
71;4;4844733,93;439470,08;50.;23.7.2018;23484;m2;100;dagnja (Mytilus galloprovincialis);kamenica (Ostrea edulis);;;;;;;;;;;;;;;;;;
73;1;4910257,66;400338,18;52.;1.8.2018;5000;m2;50;lubin (Dicentrachus labrax); komarca (Sparus aurata); pagar (Pagrus pagrus); pic (Diplodus puntazzo); dagnja (Mytilus galloprovincialis);kamenica (Ostrea edulis);;;;;;;;;;;;;;
73;2;4910153,44;400304,59;52.;1.8.2018;5000;m2;50;lubin (Dicentrachus labrax); komarca (Sparus aurata); pagar (Pagrus pagrus); pic (Diplodus puntazzo); dagnja (Mytilus galloprovincialis);kamenica (Ostrea edulis);;;;;;;;;;;;;;
73;3;4910190,49;400412,28;52.;1.8.2018;5000;m2;50;lubin (Dicentrachus labrax); komarca (Sparus aurata); pagar (Pagrus pagrus); pic (Diplodus puntazzo); dagnja (Mytilus galloprovincialis);kamenica (Ostrea edulis);;;;;;;;;;;;;;
73;4;4910220,61;400378,69;52.;1.8.2018;5000;m2;50;lubin (Dicentrachus labrax); komarca (Sparus aurata); pagar (Pagrus pagrus); pic (Diplodus puntazzo); dagnja (Mytilus galloprovincialis);kamenica (Ostrea edulis);;;;;;;;;;;;;;
75;1;4896594,29;426264;54.;29.8.2018;32000;m2;100;dagnja (Mytilus galloprovincialis);kamenica (Ostrea edulis);;;;;;;;;;;;;;;;;;
75;2;4896409,61;426619,04;54.;29.8.2018;32000;m2;100;dagnja (Mytilus galloprovincialis);kamenica (Ostrea edulis);;;;;;;;;;;;;;;;;;
75;3;4896338,65;426582,1;54.;29.8.2018;32000;m2;100;dagnja (Mytilus galloprovincialis);kamenica (Ostrea edulis);;;;;;;;;;;;;;;;;;
75;4;4896523,33;426227,29;54.;29.8.2018;32000;m2;100;dagnja (Mytilus galloprovincialis);kamenica (Ostrea edulis);;;;;;;;;;;;;;;;;;
76;1;4989997,884;330405,918;55.;12.9.2018;36450;m2;990;lubin (Dicentrarchus labrax);komarca (Sparus aurata) ;;;;;;;;;;;;;;;;;;
76;2;4990178,381;330649,086;55.;12.9.2018;36450;m2;990;lubin (Dicentrarchus labrax);komarca (Sparus aurata) ;;;;;;;;;;;;;;;;;;
76;3;4990059,73;330730,512;55.;12.9.2018;36450;m2;990;lubin (Dicentrarchus labrax);komarca (Sparus aurata) ;;;;;;;;;;;;;;;;;;
76;4;4989876,298;330492,425;55.;12.9.2018;36450;m2;990;lubin (Dicentrarchus labrax);komarca (Sparus aurata) ;;;;;;;;;;;;;;;;;;
77;1;4989598,861;330817,043;55.;12.9.2018;16502;m2;;lubin (Dicentrarchus labrax);komarca (Sparus aurata) ;;;;;;;;;;;;;;;;;;
77;2;4989781,464;330940,595;55.;12.9.2018;16502;m2;;lubin (Dicentrarchus labrax);komarca (Sparus aurata) ;;;;;;;;;;;;;;;;;;
77;3;4989743,446;331000,493;55.;12.9.2018;16502;m2;;lubin (Dicentrarchus labrax);komarca (Sparus aurata) ;;;;;;;;;;;;;;;;;;
77;4;4989554,591;330882,788;55.;12.9.2018;16502;m2;;lubin (Dicentrarchus labrax);komarca (Sparus aurata) ;;;;;;;;;;;;;;;;;;
78;1;4989232,933;330910,944;55.;12.9.2018;16502;m2;;lubin (Dicentrarchus labrax);komarca (Sparus aurata) ;;;;;;;;;;;;;;;;;;
78;2;4989365,266;331107,617;55.;12.9.2018;16502;m2;;lubin (Dicentrarchus labrax);komarca (Sparus aurata) ;;;;;;;;;;;;;;;;;;
78;3;4989298,807;331149,768;55.;12.9.2018;16502;m2;;lubin (Dicentrarchus labrax);komarca (Sparus aurata) ;;;;;;;;;;;;;;;;;;
78;4;4989171,466;330955,045;55.;12.9.2018;16502;m2;;lubin (Dicentrarchus labrax);komarca (Sparus aurata) ;;;;;;;;;;;;;;;;;;
79;1;4990557,914;330553,351;55.;12.9.2018;24300;m2;;lubin (Dicentrarchus labrax);komarca (Sparus aurata) ;;;;;;;;;;;;;;;;;;
79;2;4990770,39;330791,662;55.;12.9.2018;24300;m2;;lubin (Dicentrarchus labrax);komarca (Sparus aurata) ;;;;;;;;;;;;;;;;;;
79;3;4990690,568;330857,505;55.;12.9.2018;24300;m2;;lubin (Dicentrarchus labrax);komarca (Sparus aurata) ;;;;;;;;;;;;;;;;;;
79;4;4990478,308;330614,6;55.;12.9.2018;24300;m2;;lubin (Dicentrarchus labrax);komarca (Sparus aurata) ;;;;;;;;;;;;;;;;;;
80;1;4989316,158;330655,58;55.;12.9.2018;16200;m2;;lubin (Dicentrarchus labrax);komarca (Sparus aurata) ;;;;;;;;;;;;;;;;;;
80;2;4989263,177;330741,107;55.;12.9.2018;16200;m2;;lubin (Dicentrarchus labrax);komarca (Sparus aurata) ;;;;;;;;;;;;;;;;;;
80;3;4989088,773;330637,283;55.;12.9.2018;16200;m2;;lubin (Dicentrarchus labrax);komarca (Sparus aurata) ;;;;;;;;;;;;;;;;;;
80;4;4989145,307;330551,726;55.;12.9.2018;16200;m2;;lubin (Dicentrarchus labrax);komarca (Sparus aurata) ;;;;;;;;;;;;;;;;;;
85;1;5044459,08;269920,011;58.;23.10.2018;43750;m2;70;dagnja (Mytilus galloprovincialis); kamenica (Ostrea edulis);mala kapica (Mimachlamys varia);;;;;;;;;;;;;;;;;
85;2;5044184,757;270137,646;58.;23.10.2018;43750;m2;70;dagnja (Mytilus galloprovincialis); kamenica (Ostrea edulis);mala kapica (Mimachlamys varia);;;;;;;;;;;;;;;;;
85;3;5044107,047;270039,712;58.;23.10.2018;43750;m2;70;dagnja (Mytilus galloprovincialis); kamenica (Ostrea edulis);mala kapica (Mimachlamys varia);;;;;;;;;;;;;;;;;
85;4;5044381,348;269822,05;58.;23.10.2018;43750;m2;70;dagnja (Mytilus galloprovincialis); kamenica (Ostrea edulis);mala kapica (Mimachlamys varia);;;;;;;;;;;;;;;;;
86;1;5044126,882;270183,631;58.;23.10.2018;43750;m2;;dagnja (Mytilus galloprovincialis); kamenica (Ostrea edulis);mala kapica (Mimachlamys varia);;;;;;;;;;;;;;;;;
86;2;5043852,59;270401,303;58.;23.10.2018;43750;m2;;dagnja (Mytilus galloprovincialis); kamenica (Ostrea edulis);mala kapica (Mimachlamys varia);;;;;;;;;;;;;;;;;
86;3;5043774,85;270303,338;58.;23.10.2018;43750;m2;;dagnja (Mytilus galloprovincialis); kamenica (Ostrea edulis);mala kapica (Mimachlamys varia);;;;;;;;;;;;;;;;;
86;4;5044049,141;270085,666;58.;23.10.2018;43750;m2;;dagnja (Mytilus galloprovincialis); kamenica (Ostrea edulis);mala kapica (Mimachlamys varia);;;;;;;;;;;;;;;;;
87;1;5044153,864;269621,317;58.;23.10.2018;13500;m2;;dagnja (Mytilus galloprovincialis); kamenica (Ostrea edulis);mala kapica (Mimachlamys varia);;;;;;;;;;;;;;;;;
87;2;5044068,75;269726,189;58.;23.10.2018;13500;m2;;dagnja (Mytilus galloprovincialis); kamenica (Ostrea edulis);mala kapica (Mimachlamys varia);;;;;;;;;;;;;;;;;
87;3;5043991,067;269663,138;58.;23.10.2018;13500;m2;;dagnja (Mytilus galloprovincialis); kamenica (Ostrea edulis);mala kapica (Mimachlamys varia);;;;;;;;;;;;;;;;;
87;4;5044076,182;269558,266;58.;23.10.2018;13500;m2;;dagnja (Mytilus galloprovincialis); kamenica (Ostrea edulis);mala kapica (Mimachlamys varia);;;;;;;;;;;;;;;;;
88;1;5043582,048;270088,44;60.;26.10.2018;10000;m2;35;dagnja (Mytilus galloprovincialis); kamenica (Ostrea edulis);mala kapica (Mimachlamys varia);;;;;;;;;;;;;;;;;
88;2;5043504,366;270025,389;60.;26.10.2018;10000;m2;35;dagnja (Mytilus galloprovincialis); kamenica (Ostrea edulis);mala kapica (Mimachlamys varia);;;;;;;;;;;;;;;;;
88;3;5043567,414;269947,706;60.;26.10.2018;10000;m2;35;dagnja (Mytilus galloprovincialis); kamenica (Ostrea edulis);mala kapica (Mimachlamys varia);;;;;;;;;;;;;;;;;
88;4;5043645,096;270010,757;60.;26.10.2018;10000;m2;35;dagnja (Mytilus galloprovincialis); kamenica (Ostrea edulis);mala kapica (Mimachlamys varia);;;;;;;;;;;;;;;;;
89;1;5043695,534;269948,61;60.;26.10.2018;10000;m2;;dagnja (Mytilus galloprovincialis); kamenica (Ostrea edulis);mala kapica (Mimachlamys varia);;;;;;;;;;;;;;;;;
89;2;5043617,852;269885,559;60.;26.10.2018;10000;m2;;dagnja (Mytilus galloprovincialis); kamenica (Ostrea edulis);mala kapica (Mimachlamys varia);;;;;;;;;;;;;;;;;
89;3;5043680,899;269807,876;60.;26.10.2018;10000;m2;;dagnja (Mytilus galloprovincialis); kamenica (Ostrea edulis);mala kapica (Mimachlamys varia);;;;;;;;;;;;;;;;;
89;4;5043758,582;269870,927;60.;26.10.2018;10000;m2;;dagnja (Mytilus galloprovincialis); kamenica (Ostrea edulis);mala kapica (Mimachlamys varia);;;;;;;;;;;;;;;;;
90;1;5043809,02;269808,781;60.;26.10.2018;10000;m2;;dagnja (Mytilus galloprovincialis); kamenica (Ostrea edulis);mala kapica (Mimachlamys varia);;;;;;;;;;;;;;;;;
90;2;5043731,338;269745,73;60.;26.10.2018;10000;m2;;dagnja (Mytilus galloprovincialis); kamenica (Ostrea edulis);mala kapica (Mimachlamys varia);;;;;;;;;;;;;;;;;
90;3;5043794,385;269668,047;60.;26.10.2018;10000;m2;;dagnja (Mytilus galloprovincialis); kamenica (Ostrea edulis);mala kapica (Mimachlamys varia);;;;;;;;;;;;;;;;;
90;4;5043872,068;269731,098;60.;26.10.2018;10000;m2;;dagnja (Mytilus galloprovincialis); kamenica (Ostrea edulis);mala kapica (Mimachlamys varia);;;;;;;;;;;;;;;;;
91;1;5043922,506;269668,951;60.;26.10.2018;10000;m2;;dagnja (Mytilus galloprovincialis); kamenica (Ostrea edulis);mala kapica (Mimachlamys varia);;;;;;;;;;;;;;;;;
91;2;5043844,823;269605,9;60.;26.10.2018;10000;m2;;dagnja (Mytilus galloprovincialis); kamenica (Ostrea edulis);mala kapica (Mimachlamys varia);;;;;;;;;;;;;;;;;
91;3;5043907,871;269528,217;60.;26.10.2018;10000;m2;;dagnja (Mytilus galloprovincialis); kamenica (Ostrea edulis);mala kapica (Mimachlamys varia);;;;;;;;;;;;;;;;;
91;4;5043985,554;269591,268;60.;26.10.2018;10000;m2;;dagnja (Mytilus galloprovincialis); kamenica (Ostrea edulis);mala kapica (Mimachlamys varia);;;;;;;;;;;;;;;;;
94;1;5044333,37;269815,398;68.;9.11.2018;43750;m2;70;dagnja (Mytilus galloprovincialis); kamenica (Ostrea edulis);mala kapica (Mimachlamys varia);;;;;;;;;;;;;;;;;
94;2;5044059,082;270033,077;68.;9.11.2018;43750;m2;70;dagnja (Mytilus galloprovincialis); kamenica (Ostrea edulis);mala kapica (Mimachlamys varia);;;;;;;;;;;;;;;;;
94;3;5043981,342;269935,111;68.;9.11.2018;43750;m2;70;dagnja (Mytilus galloprovincialis); kamenica (Ostrea edulis);mala kapica (Mimachlamys varia);;;;;;;;;;;;;;;;;
94;4;5044255,638;269717,437;68.;9.11.2018;43750;m2;70;dagnja (Mytilus galloprovincialis); kamenica (Ostrea edulis);mala kapica (Mimachlamys varia);;;;;;;;;;;;;;;;;
95;1;5044001,18;270079,028;68.;9.11.2018;43750;m2;;dagnja (Mytilus galloprovincialis); kamenica (Ostrea edulis);mala kapica (Mimachlamys varia);;;;;;;;;;;;;;;;;
95;2;5043726,882;270296,691;68.;9.11.2018;43750;m2;;dagnja (Mytilus galloprovincialis); kamenica (Ostrea edulis);mala kapica (Mimachlamys varia);;;;;;;;;;;;;;;;;
95;3;5043649,148;270198,734;68.;9.11.2018;43750;m2;;dagnja (Mytilus galloprovincialis); kamenica (Ostrea edulis);mala kapica (Mimachlamys varia);;;;;;;;;;;;;;;;;
95;4;5043923,442;269981,059;68.;9.11.2018;43750;m2;;dagnja (Mytilus galloprovincialis); kamenica (Ostrea edulis);mala kapica (Mimachlamys varia);;;;;;;;;;;;;;;;;
96;1;5044043,687;269757,07;68.;9.11.2018;13500;m2;;dagnja (Mytilus galloprovincialis); kamenica (Ostrea edulis);mala kapica (Mimachlamys varia);;;;;;;;;;;;;;;;;
96;2;5043958,573;269861,942;68.;9.11.2018;13500;m2;;dagnja (Mytilus galloprovincialis); kamenica (Ostrea edulis);mala kapica (Mimachlamys varia);;;;;;;;;;;;;;;;;
96;3;5043880,89;269798,891;68.;9.11.2018;13500;m2;;dagnja (Mytilus galloprovincialis); kamenica (Ostrea edulis);mala kapica (Mimachlamys varia);;;;;;;;;;;;;;;;;
96;4;5043966,055;269694,018;68.;9.11.2018;13500;m2;;dagnja (Mytilus galloprovincialis); kamenica (Ostrea edulis);mala kapica (Mimachlamys varia);;;;;;;;;;;;;;;;;
99;1;4945742,069;337714,303;70.;9.11.2018;42158;m2;150;lubin (Dicentrarchus labrax); komarca (Sparus aurata);dagnja (Mytilus galloprovincialis) ;;;;;;;;;;;;;;;;;
99;2;4945643,657;337711,433;70.;9.11.2018;42158;m2;150;lubin (Dicentrarchus labrax); komarca (Sparus aurata);dagnja (Mytilus galloprovincialis) ;;;;;;;;;;;;;;;;;
99;3;4945645,256;337452,059;70.;9.11.2018;42158;m2;150;lubin (Dicentrarchus labrax); komarca (Sparus aurata);dagnja (Mytilus galloprovincialis) ;;;;;;;;;;;;;;;;;
99;4;4945852,23;337424,104;70.;9.11.2018;42158;m2;150;lubin (Dicentrarchus labrax); komarca (Sparus aurata);dagnja (Mytilus galloprovincialis) ;;;;;;;;;;;;;;;;;
99;5;4945860,138;337512,129;70.;9.11.2018;42158;m2;150;lubin (Dicentrarchus labrax); komarca (Sparus aurata);dagnja (Mytilus galloprovincialis) ;;;;;;;;;;;;;;;;;
99;6;4945830,223;337555,519;70.;9.11.2018;42158;m2;150;lubin (Dicentrarchus labrax); komarca (Sparus aurata);dagnja (Mytilus galloprovincialis) ;;;;;;;;;;;;;;;;;
99;7;4945755,011;337586,428;70.;9.11.2018;42158;m2;150;lubin (Dicentrarchus labrax); komarca (Sparus aurata);dagnja (Mytilus galloprovincialis) ;;;;;;;;;;;;;;;;;
120;1;4794270;498240,35;86.;4.12.2018;119600;m2;1400;tuna (Thunnus thynnus);;;;;;;;;;;;;;;;;;;
120;2;4794448,06;498429,8;86.;4.12.2018;119600;m2;1400;tuna (Thunnus thynnus);;;;;;;;;;;;;;;;;;;
120;3;4794112,87;498744,84;86.;4.12.2018;119600;m2;1400;tuna (Thunnus thynnus);;;;;;;;;;;;;;;;;;;
120;4;4793934,81;498555,39;86.;4.12.2018;119600;m2;1400;tuna (Thunnus thynnus);;;;;;;;;;;;;;;;;;;
182;1;4866849,37;400922,29;138.;20.12.2018;192400;m2;1200;tuna (Thunnus thynnus);;;;;;;;;;;;;;;;;;;
182;2;4866572,13;401608,4;138.;20.12.2018;192400;m2;1200;tuna (Thunnus thynnus);;;;;;;;;;;;;;;;;;;
182;3;4866813,19;401705,8;138.;20.12.2018;192400;m2;1200;tuna (Thunnus thynnus);;;;;;;;;;;;;;;;;;;
182;4;4867090,43;401019,7;138.;20.12.2018;192400;m2;1200;tuna (Thunnus thynnus);;;;;;;;;;;;;;;;;;;
183;1;4855893,311;419099,55;139.;20.12.2018;60000;m2;500;tuna (Thunnus thynnus);;;;;;;;;;;;;;;;;;;
183;2;4855783,48;419316,67;139.;20.12.2018;60000;m2;500;tuna (Thunnus thynnus);;;;;;;;;;;;;;;;;;;
183;3;4855535,57;419390,85;139.;20.12.2018;60000;m2;500;tuna (Thunnus thynnus);;;;;;;;;;;;;;;;;;;
183;4;4855470,29;419236,21;139.;20.12.2018;60000;m2;500;tuna (Thunnus thynnus);;;;;;;;;;;;;;;;;;;
184;1;4855417,33;419231,86;139.;20.12.2018;140000;m2;1000;tuna (Thunnus thynnus);;;;;;;;;;;;;;;;;;;
184;2;4855555,84;419514,68;139.;20.12.2018;140000;m2;1000;tuna (Thunnus thynnus);;;;;;;;;;;;;;;;;;;
184;3;4855112,28;419635,76;139.;20.12.2018;140000;m2;1000;tuna (Thunnus thynnus);;;;;;;;;;;;;;;;;;;
184;4;4854971,05;419371,08;139.;20.12.2018;140000;m2;1000;tuna (Thunnus thynnus);;;;;;;;;;;;;;;;;;;
207;1;4819034,74;456439,54;160.;8.1.2019;6960;m2;50;lubin (Dicentrarchus labrax); komarca (Sparus aurata);hama (Agryrosomus regius);;;;;;;;;;;;;;;;;
207;2;4819078,92;456477,12;160.;8.1.2019;6960;m2;50;lubin (Dicentrarchus labrax); komarca (Sparus aurata);hama (Agryrosomus regius);;;;;;;;;;;;;;;;;
207;3;4819001,16;456568,52;160.;8.1.2019;6960;m2;50;lubin (Dicentrarchus labrax); komarca (Sparus aurata);hama (Agryrosomus regius);;;;;;;;;;;;;;;;;
207;4;4818956,99;456530,94;160.;8.1.2019;6960;m2;50;lubin (Dicentrarchus labrax); komarca (Sparus aurata);hama (Agryrosomus regius);;;;;;;;;;;;;;;;;
208;1;4818991,42;456413,29;160.;8.1.2019;5400;m2;50;;;;;;;;;;;;;;;;;;;;
208;2;4819021,89;456439,21;160.;8.1.2019;5400;m2;50;;;;;;;;;;;;;;;;;;;;
208;3;4818934,42;456542,04;160.;8.1.2019;5400;m2;50;;;;;;;;;;;;;;;;;;;;
208;4;4818903,95;456516,12;160.;8.1.2019;5400;m2;50;;;;;;;;;;;;;;;;;;;;
282;1;4844921,7;439385,35;185.;21.2.2019;23484;m2;100;dagnja (Mytilus galloprovincialis);kamenica (Ostrea edulis);;;;;;;;;;;;;;;;;;
282;2;4844968,61;439489,26;185.;21.2.2019;23484;m2;100;dagnja (Mytilus galloprovincialis);kamenica (Ostrea edulis);;;;;;;;;;;;;;;;;;
282;3;4844780,82;439573,99;185.;21.2.2019;23484;m2;100;dagnja (Mytilus galloprovincialis);kamenica (Ostrea edulis);;;;;;;;;;;;;;;;;;
282;4;4844733,93;439470,08;185.;21.2.2019;23484;m2;100;dagnja (Mytilus galloprovincialis);kamenica (Ostrea edulis);;;;;;;;;;;;;;;;;;
283;1;4845174,24;439282,29;185.;14.5.2019;12852;m2;90;lubin (Dicentrarchus labrax);komarca (Sparus aurata) ;;;;;;;;;;;;;;;;;;
283;2;4845214,55;439375,99;185.;14.5.2019;12852;m2;90;lubin (Dicentrarchus labrax);komarca (Sparus aurata) ;;;;;;;;;;;;;;;;;;
283;3;4845098,81;439425,78;185.;14.5.2019;12852;m2;90;lubin (Dicentrarchus labrax);komarca (Sparus aurata) ;;;;;;;;;;;;;;;;;;
283;4;4845058,5;439332,08;185.;14.5.2019;12852;m2;90;lubin (Dicentrarchus labrax);komarca (Sparus aurata) ;;;;;;;;;;;;;;;;;;
307;1;4987470,61;307747,22;193.;11.3.2019;10515;m2;30;dagnja (Mytilus galloprovincialis);kamenica (Ostrea edulis);;;;;;;;;;;;;;;;;;
307;2;4987427,55;307837,51;193.;11.3.2019;10515;m2;30;dagnja (Mytilus galloprovincialis);kamenica (Ostrea edulis);;;;;;;;;;;;;;;;;;
307;3;4987332,67;307792,26;193.;11.3.2019;10515;m2;30;dagnja (Mytilus galloprovincialis);kamenica (Ostrea edulis);;;;;;;;;;;;;;;;;;
307;4;4987375,73;307701,97;193.;11.3.2019;10515;m2;30;dagnja (Mytilus galloprovincialis);kamenica (Ostrea edulis);;;;;;;;;;;;;;;;;;
308;1;4987310,76;308057,16;193.;11.3.2019;10057;m2;;dagnja (Mytilus galloprovincialis);kamenica (Ostrea edulis);;;;;;;;;;;;;;;;;;
308;2;4987307,98;308207,19;193.;11.3.2019;10057;m2;;dagnja (Mytilus galloprovincialis);kamenica (Ostrea edulis);;;;;;;;;;;;;;;;;;
308;3;4987240,97;308205,95;193.;11.3.2019;10057;m2;;dagnja (Mytilus galloprovincialis);kamenica (Ostrea edulis);;;;;;;;;;;;;;;;;;
308;4;4987243,75;308055,92;193.;11.3.2019;10057;m2;;dagnja (Mytilus galloprovincialis);kamenica (Ostrea edulis);;;;;;;;;;;;;;;;;;
350;1;4879192,511;393667,981;220.;13.2.2019;250000;m2;2150;tuna (Thunnus thynnus);;;;;;;;;;;;;;;;;;;
350;2;4879318,565;393823,272;220.;13.2.2019;250000;m2;2150;tuna (Thunnus thynnus);;;;;;;;;;;;;;;;;;;
350;3;4878354,36;394618,829;220.;13.2.2019;250000;m2;2150;tuna (Thunnus thynnus);;;;;;;;;;;;;;;;;;;
350;4;4878228,307;394463,538;220.;13.2.2019;250000;m2;2150;tuna (Thunnus thynnus);;;;;;;;;;;;;;;;;;;
351;1;4869320,618;396632,834;220.;13.2.2019;85000;m2;500;tuna (Thunnus thynnus);;;;;;;;;;;;;;;;;;;
351;2;4869199,928;396792,313;220.;13.2.2019;85000;m2;500;tuna (Thunnus thynnus);;;;;;;;;;;;;;;;;;;
351;3;4868861,031;396535,848;220.;13.2.2019;85000;m2;500;tuna (Thunnus thynnus);;;;;;;;;;;;;;;;;;;
351;4;4868981,721;396376,367;220.;13.2.2019;85000;m2;500;tuna (Thunnus thynnus);;;;;;;;;;;;;;;;;;;
355;1;4877146,136;388493,099;220.;13.2.2019;210000;m2;500;tuna (Thunnus thynnus);;;;;;;;;;;;;;;;;;;
355;2;4876941,028;388711,509;220.;13.2.2019;210000;m2;500;tuna (Thunnus thynnus);;;;;;;;;;;;;;;;;;;
355;3;4876431,538;388230,679;220.;13.2.2019;210000;m2;500;tuna (Thunnus thynnus);;;;;;;;;;;;;;;;;;;
355;4;4877146,992;388012,459;220.;13.2.2019;210000;m2;500;tuna (Thunnus thynnus);;;;;;;;;;;;;;;;;;;
381;1;4901235,14;421958,59;237.;14.2.2019;10380;m2;50;dagnja (Mytilus galloprovincialis);kamenica (Ostrea edulis);;;;;;;;;;;;;;;;;;
381;2;4901206,99;421923,48;237.;14.2.2019;10380;m2;50;dagnja (Mytilus galloprovincialis);kamenica (Ostrea edulis);;;;;;;;;;;;;;;;;;
381;3;4901027,54;422067,35;237.;14.2.2019;10380;m2;50;dagnja (Mytilus galloprovincialis);kamenica (Ostrea edulis);;;;;;;;;;;;;;;;;;
381;4;4901055,69;422102,46;237.;14.2.2019;10380;m2;50;dagnja (Mytilus galloprovincialis);kamenica (Ostrea edulis);;;;;;;;;;;;;;;;;;
381;5;4901104,98;422062,95;237.;14.2.2019;10380;m2;50;dagnja (Mytilus galloprovincialis);kamenica (Ostrea edulis);;;;;;;;;;;;;;;;;;
381;6;4901108,11;422066,85;237.;14.2.2019;10380;m2;50;dagnja (Mytilus galloprovincialis);kamenica (Ostrea edulis);;;;;;;;;;;;;;;;;;
381;7;4901112,79;422063,09;237.;14.2.2019;10380;m2;50;dagnja (Mytilus galloprovincialis);kamenica (Ostrea edulis);;;;;;;;;;;;;;;;;;
381;8;4901109,66;422059,19;237.;14.2.2019;10380;m2;50;dagnja (Mytilus galloprovincialis);kamenica (Ostrea edulis);;;;;;;;;;;;;;;;;;
386;1;4818991,42;456413,29;239.;19.2.2019;5400;m2;50;lubin (Dicentrarchus labrax);komarca (Sparus aurata) ;;;;;;;;;;;;;;;;;;
386;2;4819021,89;456439,21;239.;19.2.2019;5400;m2;50;lubin (Dicentrarchus labrax);komarca (Sparus aurata) ;;;;;;;;;;;;;;;;;;
386;3;4818934,42;456542,04;239.;19.2.2019;5400;m2;50;lubin (Dicentrarchus labrax);komarca (Sparus aurata) ;;;;;;;;;;;;;;;;;;
386;4;4818903,95;456516,12;239.;19.2.2019;5400;m2;50;lubin (Dicentrarchus labrax);komarca (Sparus aurata) ;;;;;;;;;;;;;;;;;;
398;1;4903681,09;421678,48;248.;28.2.2019;30000;m2;120;dagnja (Mytilus galloprovincialis);;;;;;;;;;;;;;;;;;;
398;2;4903573,25;421958,42;248.;28.2.2019;30000;m2;120;dagnja (Mytilus galloprovincialis);;;;;;;;;;;;;;;;;;;
398;3;4903479,94;421922,48;248.;28.2.2019;30000;m2;120;dagnja (Mytilus galloprovincialis);;;;;;;;;;;;;;;;;;;
398;4;4903587,78;421642,53;248.;28.2.2019;30000;m2;120;dagnja (Mytilus galloprovincialis);;;;;;;;;;;;;;;;;;;
413;1;5042731,2;270953,77;259.;28.2.2019;10000;m2;25;dagnja (Mytilus galloprovincialis);kamenica (Ostrea edulis);;;;;;;;;;;;;;;;;;
413;2;5042667,66;271030,99;259.;28.2.2019;10000;m2;25;dagnja (Mytilus galloprovincialis);kamenica (Ostrea edulis);;;;;;;;;;;;;;;;;;
413;3;5042590,44;270867,46;259.;28.2.2019;10000;m2;25;dagnja (Mytilus galloprovincialis);kamenica (Ostrea edulis);;;;;;;;;;;;;;;;;;
413;4;5042653,97;270980,24;259.;28.2.2019;10000;m2;25;dagnja (Mytilus galloprovincialis);kamenica (Ostrea edulis);;;;;;;;;;;;;;;;;;
424;1;4879203,966;389376,105;268.;5.4.2019;5000;m2;40;lubin (Dicentrarchus labrax);komarca (Sparus aurata) ;;;;;;;;;;;;;;;;;;
424;2;4879232,633;389471,908;268.;5.4.2019;5000;m2;40;lubin (Dicentrarchus labrax);komarca (Sparus aurata) ;;;;;;;;;;;;;;;;;;
424;3;4879184,732;389486,242;268.;5.4.2019;5000;m2;40;lubin (Dicentrarchus labrax);komarca (Sparus aurata) ;;;;;;;;;;;;;;;;;;
424;4;4879156,065;389390,439;268.;5.4.2019;5000;m2;40;lubin (Dicentrarchus labrax);komarca (Sparus aurata) ;;;;;;;;;;;;;;;;;;
425;1;4874639,99;400975,14;269.;2.4.2019;5000;m2;50;lubin (Dicentrarchus labrax);komarca (Sparus aurata) ;;;;;;;;;;;;;;;;;;
425;2;4874592,98;400992,19;269.;2.4.2019;5000;m2;50;lubin (Dicentrarchus labrax);komarca (Sparus aurata) ;;;;;;;;;;;;;;;;;;
425;3;4874558,88;400898,18;269.;2.4.2019;5000;m2;50;lubin (Dicentrarchus labrax);komarca (Sparus aurata) ;;;;;;;;;;;;;;;;;;
425;4;4874605,89;400881,13;269.;2.4.2019;5000;m2;50;lubin (Dicentrarchus labrax);komarca (Sparus aurata) ;;;;;;;;;;;;;;;;;;
426;1;4775519,47;544007,43;272.;3.5.2019;6462;m2;500000;lubin (Dicentrarchus labrax); komarca (Sparus aurata);hama (Agryrosomus regius);;;;;;;;;;;;;;;;;
426;2;4775530,96;543999,94;272.;3.5.2019;6462;m2;500000;lubin (Dicentrarchus labrax); komarca (Sparus aurata);hama (Agryrosomus regius);;;;;;;;;;;;;;;;;
426;3;4775536,12;543993,91;272.;3.5.2019;6462;m2;500000;lubin (Dicentrarchus labrax); komarca (Sparus aurata);hama (Agryrosomus regius);;;;;;;;;;;;;;;;;
426;4;4775542,69;543987,08;272.;3.5.2019;6462;m2;500000;lubin (Dicentrarchus labrax); komarca (Sparus aurata);hama (Agryrosomus regius);;;;;;;;;;;;;;;;;
426;5;4775557,27;543978,53;272.;3.5.2019;6462;m2;500000;lubin (Dicentrarchus labrax); komarca (Sparus aurata);hama (Agryrosomus regius);;;;;;;;;;;;;;;;;
426;6;4775588,13;543979,02;272.;3.5.2019;6462;m2;500000;lubin (Dicentrarchus labrax); komarca (Sparus aurata);hama (Agryrosomus regius);;;;;;;;;;;;;;;;;
426;7;4775615,91;543988,7;272.;3.5.2019;6462;m2;500000;lubin (Dicentrarchus labrax); komarca (Sparus aurata);hama (Agryrosomus regius);;;;;;;;;;;;;;;;;
426;8;4775633,89;544004,04;272.;3.5.2019;6462;m2;500000;lubin (Dicentrarchus labrax); komarca (Sparus aurata);hama (Agryrosomus regius);;;;;;;;;;;;;;;;;
426;9;4775638,03;544007,27;272.;3.5.2019;6462;m2;500000;lubin (Dicentrarchus labrax); komarca (Sparus aurata);hama (Agryrosomus regius);;;;;;;;;;;;;;;;;
426;10;4775641,57;544013,12;272.;3.5.2019;6462;m2;500000;lubin (Dicentrarchus labrax); komarca (Sparus aurata);hama (Agryrosomus regius);;;;;;;;;;;;;;;;;
426;11;4775626,99;544037,99;272.;3.5.2019;6462;m2;500000;lubin (Dicentrarchus labrax); komarca (Sparus aurata);hama (Agryrosomus regius);;;;;;;;;;;;;;;;;
426;12;4775615,91;544038,98;272.;3.5.2019;6462;m2;500000;lubin (Dicentrarchus labrax); komarca (Sparus aurata);hama (Agryrosomus regius);;;;;;;;;;;;;;;;;
426;13;4775611,11;544035,3;272.;3.5.2019;6462;m2;500000;lubin (Dicentrarchus labrax); komarca (Sparus aurata);hama (Agryrosomus regius);;;;;;;;;;;;;;;;;
426;14;4775608,36;544033,7;272.;3.5.2019;6462;m2;500000;lubin (Dicentrarchus labrax); komarca (Sparus aurata);hama (Agryrosomus regius);;;;;;;;;;;;;;;;;
426;15;4775601,46;544035,26;272.;3.5.2019;6462;m2;500000;lubin (Dicentrarchus labrax); komarca (Sparus aurata);hama (Agryrosomus regius);;;;;;;;;;;;;;;;;
426;16;4775595,3;544037,87;272.;3.5.2019;6462;m2;500000;lubin (Dicentrarchus labrax); komarca (Sparus aurata);hama (Agryrosomus regius);;;;;;;;;;;;;;;;;
426;17;4775586,6;544046,18;272.;3.5.2019;6462;m2;500000;lubin (Dicentrarchus labrax); komarca (Sparus aurata);hama (Agryrosomus regius);;;;;;;;;;;;;;;;;
426;18;4775584,17;544050,38;272.;3.5.2019;6462;m2;500000;lubin (Dicentrarchus labrax); komarca (Sparus aurata);hama (Agryrosomus regius);;;;;;;;;;;;;;;;;
426;19;4775578,4;544059,39;272.;3.5.2019;6462;m2;500000;lubin (Dicentrarchus labrax); komarca (Sparus aurata);hama (Agryrosomus regius);;;;;;;;;;;;;;;;;
426;20;4775571,29;544064,44;272.;3.5.2019;6462;m2;500000;lubin (Dicentrarchus labrax); komarca (Sparus aurata);hama (Agryrosomus regius);;;;;;;;;;;;;;;;;
426;21;4775562,47;544071,93;272.;3.5.2019;6462;m2;500000;lubin (Dicentrarchus labrax); komarca (Sparus aurata);hama (Agryrosomus regius);;;;;;;;;;;;;;;;;
427;1;4923310,03;394916,91;274.;8.5.2019;45000;m2;1000;kalifornijska pastrva (Oncorhynchus mykiss);atlantski losos (Salmo salar);;;;;;;;;;;;;;;;;;
427;2;4923198,17;395016,89;274.;8.5.2019;45000;m2;1000;kalifornijska pastrva (Oncorhynchus mykiss);atlantski losos (Salmo salar);;;;;;;;;;;;;;;;;;
427;3;4922998,22;394793,16;274.;8.5.2019;45000;m2;1000;kalifornijska pastrva (Oncorhynchus mykiss);atlantski losos (Salmo salar);;;;;;;;;;;;;;;;;;
427;4;4923110,08;394693,17;274.;8.5.2019;45000;m2;1000;kalifornijska pastrva (Oncorhynchus mykiss);atlantski losos (Salmo salar);;;;;;;;;;;;;;;;;;
428;1;4951066,66;373000,93;274.;8.5.2019;45000;m2;1000;kalifornijska pastrva (Oncorhynchus mykiss);atlantski losos (Salmo salar);;;;;;;;;;;;;;;;;;
428;2;4950939,13;373081,61;274.;8.5.2019;45000;m2;1000;kalifornijska pastrva (Oncorhynchus mykiss);atlantski losos (Salmo salar);;;;;;;;;;;;;;;;;;
428;3;4950779,75;372827,58;274.;8.5.2019;45000;m2;1000;kalifornijska pastrva (Oncorhynchus mykiss);atlantski losos (Salmo salar);;;;;;;;;;;;;;;;;;
428;4;4950906,26;372747,88;274.;8.5.2019;45000;m2;1000;kalifornijska pastrva (Oncorhynchus mykiss);atlantski losos (Salmo salar);;;;;;;;;;;;;;;;;;
429;1;4882489,66;385368,92;277.;17.7.2019;36000;m2;200;lubin (Dicentrarchus labrax);komarca (Sparus aurata) ;;;;;;;;;;;;;;;;;;
429;2;4881951,2;385633,61;277.;17.7.2019;36000;m2;200;lubin (Dicentrarchus labrax);komarca (Sparus aurata) ;;;;;;;;;;;;;;;;;;
429;3;4881924,73;385579,76;277.;17.7.2019;36000;m2;200;lubin (Dicentrarchus labrax);komarca (Sparus aurata) ;;;;;;;;;;;;;;;;;;
429;4;4882463,19;385315,08;277.;17.7.2019;36000;m2;200;lubin (Dicentrarchus labrax);komarca (Sparus aurata) ;;;;;;;;;;;;;;;;;;
430;1;4763310,91;578423,03;278.;16.8.2019;25000;m2;62,5;dagnja (Mytilus galloprovincialis);kamenica (Ostrea edulis);;;;;;;;;;;;;;;;;;
430;2;4763310,91;578548,03;278.;16.8.2019;25000;m2;62,5;dagnja (Mytilus galloprovincialis);kamenica (Ostrea edulis);;;;;;;;;;;;;;;;;;
430;3;4763510,91;578548,03;278.;16.8.2019;25000;m2;62,5;dagnja (Mytilus galloprovincialis);kamenica (Ostrea edulis);;;;;;;;;;;;;;;;;;
430;4;4763510,91;578423,03;278.;16.8.2019;25000;m2;62,5;dagnja (Mytilus galloprovincialis);kamenica (Ostrea edulis);;;;;;;;;;;;;;;;;;
432;1;4897088,8;425307,53;283.;4.12.2019;10000;m2;50;dagnja (Mytilus galloprovincialis);;;;;;;;;;;;;;;;;;;
432;2;4897013,31;425492,74;283.;4.12.2019;10000;m2;50;dagnja (Mytilus galloprovincialis);;;;;;;;;;;;;;;;;;;
432;3;4896967,02;425473,87;283.;4.12.2019;10000;m2;50;dagnja (Mytilus galloprovincialis);;;;;;;;;;;;;;;;;;;
432;4;4897042,5;425288,66;283.;4.12.2019;10000;m2;50;dagnja (Mytilus galloprovincialis);;;;;;;;;;;;;;;;;;;
433;1;4801364,13;489695,2;284.;10.12.2019;29195;m2;60;lubin (Dicentrachus labrax); komarca (Sparus aurata); pagar (Pagrus pagrus); hama (Argyrosomus regius); pic (Diplodus puntazzo); gof (Seriola dumerili); arbun (Pagellus erythrinus); ov?ica (Lithognathus mormyrus); fratar (Diplodus vulgaris); kavala (Sciaena umbra); salpa (Sarpa salpa); šarag (Diplodus sargus sargus); ušata (Oblada melanura); cipal zlatar (Liza aurata); cipal balavac (Liza ramado); cipal putnik (Chelon labrosus); cipal bataš (Mugil cephalus);  kalifornijska pastrva (Oncorhynchus mykiss); dagnja (Mytilus galloprovincialis);kamenica (Ostrea edulis)
433;2;4801301,34;489795,53;284.;10.12.2019;29195;m2;60;lubin (Dicentrachus labrax); komarca (Sparus aurata); pagar (Pagrus pagrus); hama (Argyrosomus regius); pic (Diplodus puntazzo); gof (Seriola dumerili); arbun (Pagellus erythrinus); ov?ica (Lithognathus mormyrus); fratar (Diplodus vulgaris); kavala (Sciaena umbra); salpa (Sarpa salpa); šarag (Diplodus sargus sargus); ušata (Oblada melanura); cipal zlatar (Liza aurata); cipal balavac (Liza ramado); cipal putnik (Chelon labrosus); cipal bataš (Mugil cephalus);  kalifornijska pastrva (Oncorhynchus mykiss); dagnja (Mytilus galloprovincialis);kamenica (Ostrea edulis)
433;3;4801322,39;489875,25;284.;10.12.2019;29195;m2;60;lubin (Dicentrachus labrax); komarca (Sparus aurata); pagar (Pagrus pagrus); hama (Argyrosomus regius); pic (Diplodus puntazzo); gof (Seriola dumerili); arbun (Pagellus erythrinus); ov?ica (Lithognathus mormyrus); fratar (Diplodus vulgaris); kavala (Sciaena umbra); salpa (Sarpa salpa); šarag (Diplodus sargus sargus); ušata (Oblada melanura); cipal zlatar (Liza aurata); cipal balavac (Liza ramado); cipal putnik (Chelon labrosus); cipal bataš (Mugil cephalus);  kalifornijska pastrva (Oncorhynchus mykiss); dagnja (Mytilus galloprovincialis);kamenica (Ostrea edulis)
433;4;4801263,49;489890,49;284.;10.12.2019;29195;m2;60;lubin (Dicentrachus labrax); komarca (Sparus aurata); pagar (Pagrus pagrus); hama (Argyrosomus regius); pic (Diplodus puntazzo); gof (Seriola dumerili); arbun (Pagellus erythrinus); ov?ica (Lithognathus mormyrus); fratar (Diplodus vulgaris); kavala (Sciaena umbra); salpa (Sarpa salpa); šarag (Diplodus sargus sargus); ušata (Oblada melanura); cipal zlatar (Liza aurata); cipal balavac (Liza ramado); cipal putnik (Chelon labrosus); cipal bataš (Mugil cephalus);  kalifornijska pastrva (Oncorhynchus mykiss); dagnja (Mytilus galloprovincialis);kamenica (Ostrea edulis)
433;5;4801198,64;489907,27;284.;10.12.2019;29195;m2;60;lubin (Dicentrachus labrax); komarca (Sparus aurata); pagar (Pagrus pagrus); hama (Argyrosomus regius); pic (Diplodus puntazzo); gof (Seriola dumerili); arbun (Pagellus erythrinus); ov?ica (Lithognathus mormyrus); fratar (Diplodus vulgaris); kavala (Sciaena umbra); salpa (Sarpa salpa); šarag (Diplodus sargus sargus); ušata (Oblada melanura); cipal zlatar (Liza aurata); cipal balavac (Liza ramado); cipal putnik (Chelon labrosus); cipal bataš (Mugil cephalus);  kalifornijska pastrva (Oncorhynchus mykiss); dagnja (Mytilus galloprovincialis);kamenica (Ostrea edulis)
433;6;4801202,85;489673,34;284.;10.12.2019;29195;m2;60;lubin (Dicentrachus labrax); komarca (Sparus aurata); pagar (Pagrus pagrus); hama (Argyrosomus regius); pic (Diplodus puntazzo); gof (Seriola dumerili); arbun (Pagellus erythrinus); ov?ica (Lithognathus mormyrus); fratar (Diplodus vulgaris); kavala (Sciaena umbra); salpa (Sarpa salpa); šarag (Diplodus sargus sargus); ušata (Oblada melanura); cipal zlatar (Liza aurata); cipal balavac (Liza ramado); cipal putnik (Chelon labrosus); cipal bataš (Mugil cephalus);  kalifornijska pastrva (Oncorhynchus mykiss); dagnja (Mytilus galloprovincialis);kamenica (Ostrea edulis)
433;7;4801181,92;489650,27;284.;10.12.2019;29195;m2;60;lubin (Dicentrachus labrax); komarca (Sparus aurata); pagar (Pagrus pagrus); hama (Argyrosomus regius); pic (Diplodus puntazzo); gof (Seriola dumerili); arbun (Pagellus erythrinus); ov?ica (Lithognathus mormyrus); fratar (Diplodus vulgaris); kavala (Sciaena umbra); salpa (Sarpa salpa); šarag (Diplodus sargus sargus); ušata (Oblada melanura); cipal zlatar (Liza aurata); cipal balavac (Liza ramado); cipal putnik (Chelon labrosus); cipal bataš (Mugil cephalus);  kalifornijska pastrva (Oncorhynchus mykiss); dagnja (Mytilus galloprovincialis);kamenica (Ostrea edulis)
433;8;4801167,83;489655,66;284.;10.12.2019;29195;m2;60;lubin (Dicentrachus labrax); komarca (Sparus aurata); pagar (Pagrus pagrus); hama (Argyrosomus regius); pic (Diplodus puntazzo); gof (Seriola dumerili); arbun (Pagellus erythrinus); ov?ica (Lithognathus mormyrus); fratar (Diplodus vulgaris); kavala (Sciaena umbra); salpa (Sarpa salpa); šarag (Diplodus sargus sargus); ušata (Oblada melanura); cipal zlatar (Liza aurata); cipal balavac (Liza ramado); cipal putnik (Chelon labrosus); cipal bataš (Mugil cephalus);  kalifornijska pastrva (Oncorhynchus mykiss); dagnja (Mytilus galloprovincialis);kamenica (Ostrea edulis)
433;9;4801158,11;489638,01;284.;10.12.2019;29195;m2;60;lubin (Dicentrachus labrax); komarca (Sparus aurata); pagar (Pagrus pagrus); hama (Argyrosomus regius); pic (Diplodus puntazzo); gof (Seriola dumerili); arbun (Pagellus erythrinus); ov?ica (Lithognathus mormyrus); fratar (Diplodus vulgaris); kavala (Sciaena umbra); salpa (Sarpa salpa); šarag (Diplodus sargus sargus); ušata (Oblada melanura); cipal zlatar (Liza aurata); cipal balavac (Liza ramado); cipal putnik (Chelon labrosus); cipal bataš (Mugil cephalus);  kalifornijska pastrva (Oncorhynchus mykiss); dagnja (Mytilus galloprovincialis);kamenica (Ostrea edulis)
433;10;4801152,02;489617,76;284.;10.12.2019;29195;m2;60;lubin (Dicentrachus labrax); komarca (Sparus aurata); pagar (Pagrus pagrus); hama (Argyrosomus regius); pic (Diplodus puntazzo); gof (Seriola dumerili); arbun (Pagellus erythrinus); ov?ica (Lithognathus mormyrus); fratar (Diplodus vulgaris); kavala (Sciaena umbra); salpa (Sarpa salpa); šarag (Diplodus sargus sargus); ušata (Oblada melanura); cipal zlatar (Liza aurata); cipal balavac (Liza ramado); cipal putnik (Chelon labrosus); cipal bataš (Mugil cephalus);  kalifornijska pastrva (Oncorhynchus mykiss); dagnja (Mytilus galloprovincialis);kamenica (Ostrea edulis)
433;11;4801147,32;489612,67;284.;10.12.2019;29195;m2;60;lubin (Dicentrachus labrax); komarca (Sparus aurata); pagar (Pagrus pagrus); hama (Argyrosomus regius); pic (Diplodus puntazzo); gof (Seriola dumerili); arbun (Pagellus erythrinus); ov?ica (Lithognathus mormyrus); fratar (Diplodus vulgaris); kavala (Sciaena umbra); salpa (Sarpa salpa); šarag (Diplodus sargus sargus); ušata (Oblada melanura); cipal zlatar (Liza aurata); cipal balavac (Liza ramado); cipal putnik (Chelon labrosus); cipal bataš (Mugil cephalus);  kalifornijska pastrva (Oncorhynchus mykiss); dagnja (Mytilus galloprovincialis);kamenica (Ostrea edulis)
433;12;4801145;489604,96;284.;10.12.2019;29195;m2;60;lubin (Dicentrachus labrax); komarca (Sparus aurata); pagar (Pagrus pagrus); hama (Argyrosomus regius); pic (Diplodus puntazzo); gof (Seriola dumerili); arbun (Pagellus erythrinus); ov?ica (Lithognathus mormyrus); fratar (Diplodus vulgaris); kavala (Sciaena umbra); salpa (Sarpa salpa); šarag (Diplodus sargus sargus); ušata (Oblada melanura); cipal zlatar (Liza aurata); cipal balavac (Liza ramado); cipal putnik (Chelon labrosus); cipal bataš (Mugil cephalus);  kalifornijska pastrva (Oncorhynchus mykiss); dagnja (Mytilus galloprovincialis);kamenica (Ostrea edulis)
433;13;4801157,36;489593,46;284.;10.12.2019;29195;m2;60;lubin (Dicentrachus labrax); komarca (Sparus aurata); pagar (Pagrus pagrus); hama (Argyrosomus regius); pic (Diplodus puntazzo); gof (Seriola dumerili); arbun (Pagellus erythrinus); ov?ica (Lithognathus mormyrus); fratar (Diplodus vulgaris); kavala (Sciaena umbra); salpa (Sarpa salpa); šarag (Diplodus sargus sargus); ušata (Oblada melanura); cipal zlatar (Liza aurata); cipal balavac (Liza ramado); cipal putnik (Chelon labrosus); cipal bataš (Mugil cephalus);  kalifornijska pastrva (Oncorhynchus mykiss); dagnja (Mytilus galloprovincialis);kamenica (Ostrea edulis)
433;14;4801166,05;489603,09;284.;10.12.2019;29195;m2;60;lubin (Dicentrachus labrax); komarca (Sparus aurata); pagar (Pagrus pagrus); hama (Argyrosomus regius); pic (Diplodus puntazzo); gof (Seriola dumerili); arbun (Pagellus erythrinus); ov?ica (Lithognathus mormyrus); fratar (Diplodus vulgaris); kavala (Sciaena umbra); salpa (Sarpa salpa); šarag (Diplodus sargus sargus); ušata (Oblada melanura); cipal zlatar (Liza aurata); cipal balavac (Liza ramado); cipal putnik (Chelon labrosus); cipal bataš (Mugil cephalus);  kalifornijska pastrva (Oncorhynchus mykiss); dagnja (Mytilus galloprovincialis);kamenica (Ostrea edulis)
433;15;4801212,54;489630,11;284.;10.12.2019;29195;m2;60;lubin (Dicentrachus labrax); komarca (Sparus aurata); pagar (Pagrus pagrus); hama (Argyrosomus regius); pic (Diplodus puntazzo); gof (Seriola dumerili); arbun (Pagellus erythrinus); ov?ica (Lithognathus mormyrus); fratar (Diplodus vulgaris); kavala (Sciaena umbra); salpa (Sarpa salpa); šarag (Diplodus sargus sargus); ušata (Oblada melanura); cipal zlatar (Liza aurata); cipal balavac (Liza ramado); cipal putnik (Chelon labrosus); cipal bataš (Mugil cephalus);  kalifornijska pastrva (Oncorhynchus mykiss); dagnja (Mytilus galloprovincialis);kamenica (Ostrea edulis)
433;16;4801276,94;489696,87;284.;10.12.2019;29195;m2;60;lubin (Dicentrachus labrax); komarca (Sparus aurata); pagar (Pagrus pagrus); hama (Argyrosomus regius); pic (Diplodus puntazzo); gof (Seriola dumerili); arbun (Pagellus erythrinus); ov?ica (Lithognathus mormyrus); fratar (Diplodus vulgaris); kavala (Sciaena umbra); salpa (Sarpa salpa); šarag (Diplodus sargus sargus); ušata (Oblada melanura); cipal zlatar (Liza aurata); cipal balavac (Liza ramado); cipal putnik (Chelon labrosus); cipal bataš (Mugil cephalus);  kalifornijska pastrva (Oncorhynchus mykiss); dagnja (Mytilus galloprovincialis);kamenica (Ostrea edulis)
433;17;4801336,36;489667,54;284.;10.12.2019;29195;m2;60;lubin (Dicentrachus labrax); komarca (Sparus aurata); pagar (Pagrus pagrus); hama (Argyrosomus regius); pic (Diplodus puntazzo); gof (Seriola dumerili); arbun (Pagellus erythrinus); ov?ica (Lithognathus mormyrus); fratar (Diplodus vulgaris); kavala (Sciaena umbra); salpa (Sarpa salpa); šarag (Diplodus sargus sargus); ušata (Oblada melanura); cipal zlatar (Liza aurata); cipal balavac (Liza ramado); cipal putnik (Chelon labrosus); cipal bataš (Mugil cephalus);  kalifornijska pastrva (Oncorhynchus mykiss); dagnja (Mytilus galloprovincialis);kamenica (Ostrea edulis)
433;18;4801353,29;489685,26;284.;10.12.2019;29195;m2;60;lubin (Dicentrachus labrax); komarca (Sparus aurata); pagar (Pagrus pagrus); hama (Argyrosomus regius); pic (Diplodus puntazzo); gof (Seriola dumerili); arbun (Pagellus erythrinus); ov?ica (Lithognathus mormyrus); fratar (Diplodus vulgaris); kavala (Sciaena umbra); salpa (Sarpa salpa); šarag (Diplodus sargus sargus); ušata (Oblada melanura); cipal zlatar (Liza aurata); cipal balavac (Liza ramado); cipal putnik (Chelon labrosus); cipal bataš (Mugil cephalus);  kalifornijska pastrva (Oncorhynchus mykiss); dagnja (Mytilus galloprovincialis);kamenica (Ostrea edulis)
433;19;4801266,21;489739,5;284.;10.12.2019;29195;m2;60;lubin (Dicentrachus labrax); komarca (Sparus aurata); pagar (Pagrus pagrus); hama (Argyrosomus regius); pic (Diplodus puntazzo); gof (Seriola dumerili); arbun (Pagellus erythrinus); ov?ica (Lithognathus mormyrus); fratar (Diplodus vulgaris); kavala (Sciaena umbra); salpa (Sarpa salpa); šarag (Diplodus sargus sargus); ušata (Oblada melanura); cipal zlatar (Liza aurata); cipal balavac (Liza ramado); cipal putnik (Chelon labrosus); cipal bataš (Mugil cephalus);  kalifornijska pastrva (Oncorhynchus mykiss); dagnja (Mytilus galloprovincialis);kamenica (Ostrea edulis)
437;1;4873453,27;388284,69;290.;17.4.2020;536800;m2;3000;lubin (Dicentrarchus labrax); komarca (Sparus aurata); zubatac (Dentex dentex); pagar (Pagrus pagrus); hama (Argyrosomus regius); pic (Diplodus puntazzo);gof (Seriola dumerili);;;;;;;;;;;;;
437;2;4873144,94;388822,59;290.;17.4.2020;536800;m2;3000;lubin (Dicentrarchus labrax); komarca (Sparus aurata); zubatac (Dentex dentex); pagar (Pagrus pagrus); hama (Argyrosomus regius); pic (Diplodus puntazzo);gof (Seriola dumerili);;;;;;;;;;;;;
437;3;4872846,56;389343,13;290.;17.4.2020;536800;m2;3000;lubin (Dicentrarchus labrax); komarca (Sparus aurata); zubatac (Dentex dentex); pagar (Pagrus pagrus); hama (Argyrosomus regius); pic (Diplodus puntazzo);gof (Seriola dumerili);;;;;;;;;;;;;
437;4;4872464,82;389124,32;290.;17.4.2020;536800;m2;3000;lubin (Dicentrarchus labrax); komarca (Sparus aurata); zubatac (Dentex dentex); pagar (Pagrus pagrus); hama (Argyrosomus regius); pic (Diplodus puntazzo);gof (Seriola dumerili);;;;;;;;;;;;;
437;5;4872763,21;388603,77;290.;17.4.2020;536800;m2;3000;lubin (Dicentrarchus labrax); komarca (Sparus aurata); zubatac (Dentex dentex); pagar (Pagrus pagrus); hama (Argyrosomus regius); pic (Diplodus puntazzo);gof (Seriola dumerili);;;;;;;;;;;;;
437;6;4873071,54;388065,88;290.;17.4.2020;536800;m2;3000;lubin (Dicentrarchus labrax); komarca (Sparus aurata); zubatac (Dentex dentex); pagar (Pagrus pagrus); hama (Argyrosomus regius); pic (Diplodus puntazzo);gof (Seriola dumerili);;;;;;;;;;;;;
438;1;5019578,88;271106,35;292.;28.4.2020;20492;m2;45;dagnja (Mytilus galloprovincialis);kamenica (Ostrea edulis);;;;;;;;;;;;;;;;;;
438;2;5019691,69;271108,45;292.;28.4.2020;20492;m2;45;dagnja (Mytilus galloprovincialis);kamenica (Ostrea edulis);;;;;;;;;;;;;;;;;;
438;3;5019651,59;271329,73;292.;28.4.2020;20492;m2;45;dagnja (Mytilus galloprovincialis);kamenica (Ostrea edulis);;;;;;;;;;;;;;;;;;
438;4;5019583,39;271328,46;292.;28.4.2020;20492;m2;45;dagnja (Mytilus galloprovincialis);kamenica (Ostrea edulis);;;;;;;;;;;;;;;;;;
438;5;5019584,6;271263,43;292.;28.4.2020;20492;m2;45;dagnja (Mytilus galloprovincialis);kamenica (Ostrea edulis);;;;;;;;;;;;;;;;;;
438;6;5019575,96;271263,27;292.;28.4.2020;20492;m2;45;dagnja (Mytilus galloprovincialis);kamenica (Ostrea edulis);;;;;;;;;;;;;;;;;;
443;1;4896483,173;425098,69;298.;15.9.2020;120000;m2;400;dagnja (Mytilus galloprovincialis);kamenica (Ostrea edulis);;;;;;;;;;;;;;;;;;
443;2;4896661,467;425189,306;298.;15.9.2020;120000;m2;400;dagnja (Mytilus galloprovincialis);kamenica (Ostrea edulis);;;;;;;;;;;;;;;;;;
443;3;4896389,619;425724,188;298.;15.9.2020;120000;m2;400;dagnja (Mytilus galloprovincialis);kamenica (Ostrea edulis);;;;;;;;;;;;;;;;;;
443;4;4896211,325;425633,572;298.;15.9.2020;120000;m2;400;dagnja (Mytilus galloprovincialis);kamenica (Ostrea edulis);;;;;;;;;;;;;;;;;;
445;1;4868970,41;397506,717;300.;21.9.2020;105000;m2;500;lubin (Dicentrarchus labrax); komarca (Sparus aurata); zubatac (Dentex dentex); pagar (Pagrus pagrus); hama (Argyrosomus regius); pic (Diplodus puntazzo);gof (Seriola dumerili);;;;;;;;;;;;;
445;2;4868940,762;397704,507;300.;21.9.2020;105000;m2;500;lubin (Dicentrarchus labrax); komarca (Sparus aurata); zubatac (Dentex dentex); pagar (Pagrus pagrus); hama (Argyrosomus regius); pic (Diplodus puntazzo);gof (Seriola dumerili);;;;;;;;;;;;;
445;3;4868421,562;397626,68;300.;21.9.2020;105000;m2;500;lubin (Dicentrarchus labrax); komarca (Sparus aurata); zubatac (Dentex dentex); pagar (Pagrus pagrus); hama (Argyrosomus regius); pic (Diplodus puntazzo);gof (Seriola dumerili);;;;;;;;;;;;;
445;4;4868451,211;397428,89;300.;21.9.2020;105000;m2;500;lubin (Dicentrarchus labrax); komarca (Sparus aurata); zubatac (Dentex dentex); pagar (Pagrus pagrus); hama (Argyrosomus regius); pic (Diplodus puntazzo);gof (Seriola dumerili);;;;;;;;;;;;;
446;1;4868550,126;397645,951;300.;21.9.2020;112000;m2;500;lubin (Dicentrarchus labrax); komarca (Sparus aurata); zubatac (Dentex dentex); pagar (Pagrus pagrus); hama (Argyrosomus regius); pic (Diplodus puntazzo);gof (Seriola dumerili);;;;;;;;;;;;;
446;2;4868535,302;397744,847;300.;21.9.2020;112000;m2;500;lubin (Dicentrarchus labrax); komarca (Sparus aurata); zubatac (Dentex dentex); pagar (Pagrus pagrus); hama (Argyrosomus regius); pic (Diplodus puntazzo);gof (Seriola dumerili);;;;;;;;;;;;;
446;3;4868896,269;397798,955;300.;21.9.2020;112000;m2;500;lubin (Dicentrarchus labrax); komarca (Sparus aurata); zubatac (Dentex dentex); pagar (Pagrus pagrus); hama (Argyrosomus regius); pic (Diplodus puntazzo);gof (Seriola dumerili);;;;;;;;;;;;;
446;4;4868866,62;397996,745;300.;21.9.2020;112000;m2;500;lubin (Dicentrarchus labrax); komarca (Sparus aurata); zubatac (Dentex dentex); pagar (Pagrus pagrus); hama (Argyrosomus regius); pic (Diplodus puntazzo);gof (Seriola dumerili);;;;;;;;;;;;;
446;5;4868377,09;397923,365;300.;21.9.2020;112000;m2;500;lubin (Dicentrarchus labrax); komarca (Sparus aurata); zubatac (Dentex dentex); pagar (Pagrus pagrus); hama (Argyrosomus regius); pic (Diplodus puntazzo);gof (Seriola dumerili);;;;;;;;;;;;;
446;6;4868421,562;397626,68;300.;21.9.2020;112000;m2;500;lubin (Dicentrarchus labrax); komarca (Sparus aurata); zubatac (Dentex dentex); pagar (Pagrus pagrus); hama (Argyrosomus regius); pic (Diplodus puntazzo);gof (Seriola dumerili);;;;;;;;;;;;;
447;1;4868352,336;397616,303;300.;21.9.2020;81000;m2;500;lubin (Dicentrarchus labrax); komarca (Sparus aurata); zubatac (Dentex dentex); pagar (Pagrus pagrus); hama (Argyrosomus regius); pic (Diplodus puntazzo);gof (Seriola dumerili);;;;;;;;;;;;;
447;2;4868021,037;397566,642;300.;21.9.2020;81000;m2;500;lubin (Dicentrarchus labrax); komarca (Sparus aurata); zubatac (Dentex dentex); pagar (Pagrus pagrus); hama (Argyrosomus regius); pic (Diplodus puntazzo);gof (Seriola dumerili);;;;;;;;;;;;;
447;3;4868050,686;397368,851;300.;21.9.2020;81000;m2;500;lubin (Dicentrarchus labrax); komarca (Sparus aurata); zubatac (Dentex dentex); pagar (Pagrus pagrus); hama (Argyrosomus regius); pic (Diplodus puntazzo);gof (Seriola dumerili);;;;;;;;;;;;;
447;4;4868451,211;397428,89;300.;21.9.2020;81000;m2;500;lubin (Dicentrarchus labrax); komarca (Sparus aurata); zubatac (Dentex dentex); pagar (Pagrus pagrus); hama (Argyrosomus regius); pic (Diplodus puntazzo);gof (Seriola dumerili);;;;;;;;;;;;;
447;5;4868421,562;397626,68;300.;21.9.2020;81000;m2;500;lubin (Dicentrarchus labrax); komarca (Sparus aurata); zubatac (Dentex dentex); pagar (Pagrus pagrus); hama (Argyrosomus regius); pic (Diplodus puntazzo);gof (Seriola dumerili);;;;;;;;;;;;;
448;1;4868377,09;397923,365;300.;21.9.2020;94000;m2;500;lubin (Dicentrarchus labrax); komarca (Sparus aurata); zubatac (Dentex dentex); pagar (Pagrus pagrus); hama (Argyrosomus regius); pic (Diplodus puntazzo);gof (Seriola dumerili);;;;;;;;;;;;;
448;2;4867946,896;397858,88;300.;21.9.2020;94000;m2;500;lubin (Dicentrarchus labrax); komarca (Sparus aurata); zubatac (Dentex dentex); pagar (Pagrus pagrus); hama (Argyrosomus regius); pic (Diplodus puntazzo);gof (Seriola dumerili);;;;;;;;;;;;;
448;3;4867976,544;397661,089;300.;21.9.2020;94000;m2;500;lubin (Dicentrarchus labrax); komarca (Sparus aurata); zubatac (Dentex dentex); pagar (Pagrus pagrus); hama (Argyrosomus regius); pic (Diplodus puntazzo);gof (Seriola dumerili);;;;;;;;;;;;;
448;4;4868337,512;397715,198;300.;21.9.2020;94000;m2;500;lubin (Dicentrarchus labrax); komarca (Sparus aurata); zubatac (Dentex dentex); pagar (Pagrus pagrus); hama (Argyrosomus regius); pic (Diplodus puntazzo);gof (Seriola dumerili);;;;;;;;;;;;;
448;5;4868352,336;397616,303;300.;21.9.2020;94000;m2;500;lubin (Dicentrarchus labrax); komarca (Sparus aurata); zubatac (Dentex dentex); pagar (Pagrus pagrus); hama (Argyrosomus regius); pic (Diplodus puntazzo);gof (Seriola dumerili);;;;;;;;;;;;;
448;6;4868421,562;397626,68;300.;21.9.2020;94000;m2;500;lubin (Dicentrarchus labrax); komarca (Sparus aurata); zubatac (Dentex dentex); pagar (Pagrus pagrus); hama (Argyrosomus regius); pic (Diplodus puntazzo);gof (Seriola dumerili);;;;;;;;;;;;;
451;1;4920054,66;361240,78;304.;2.11.2020;94500;m2;120000;morska spužva (Spongia officinalis);;;;;;;;;;;;;;;;;;;
451;2;4920126,35;361109,01;304.;2.11.2020;94500;m2;120000;morska spužva (Spongia officinalis);;;;;;;;;;;;;;;;;;;
451;3;4920679,75;361410,09;304.;2.11.2020;94500;m2;120000;morska spužva (Spongia officinalis);;;;;;;;;;;;;;;;;;;
451;4;4920608,07;361541,85;304.;2.11.2020;94500;m2;120000;morska spužva (Spongia officinalis);;;;;;;;;;;;;;;;;;;
452;1;4775450,83;544164,69;305.;4.11.2020;31941;m2;50;lubin (Dicentrarchus labrax);komarca (Sparus aurata) ;;;;;;;;;;;;;;;;;;
452;2;4775441,89;544169,58;305.;4.11.2020;31941;m2;50;lubin (Dicentrarchus labrax);komarca (Sparus aurata) ;;;;;;;;;;;;;;;;;;
452;3;4775428,34;544175,43;305.;4.11.2020;31941;m2;50;lubin (Dicentrarchus labrax);komarca (Sparus aurata) ;;;;;;;;;;;;;;;;;;
452;4;4775413,11;544180,37;305.;4.11.2020;31941;m2;50;lubin (Dicentrarchus labrax);komarca (Sparus aurata) ;;;;;;;;;;;;;;;;;;
452;5;4775400,27;544184,74;305.;4.11.2020;31941;m2;50;lubin (Dicentrarchus labrax);komarca (Sparus aurata) ;;;;;;;;;;;;;;;;;;
452;6;4775385,31;544187,51;305.;4.11.2020;31941;m2;50;lubin (Dicentrarchus labrax);komarca (Sparus aurata) ;;;;;;;;;;;;;;;;;;
452;7;4775361,52;544189,96;305.;4.11.2020;31941;m2;50;lubin (Dicentrarchus labrax);komarca (Sparus aurata) ;;;;;;;;;;;;;;;;;;
452;8;4775338,88;544191;305.;4.11.2020;31941;m2;50;lubin (Dicentrarchus labrax);komarca (Sparus aurata) ;;;;;;;;;;;;;;;;;;
452;9;4775315,41;544195,83;305.;4.11.2020;31941;m2;50;lubin (Dicentrarchus labrax);komarca (Sparus aurata) ;;;;;;;;;;;;;;;;;;
452;10;4775295,27;544197,2;305.;4.11.2020;31941;m2;50;lubin (Dicentrarchus labrax);komarca (Sparus aurata) ;;;;;;;;;;;;;;;;;;
452;11;4775280,57;544200,08;305.;4.11.2020;31941;m2;50;lubin (Dicentrarchus labrax);komarca (Sparus aurata) ;;;;;;;;;;;;;;;;;;
452;12;4775266,74;544197,71;305.;4.11.2020;31941;m2;50;lubin (Dicentrarchus labrax);komarca (Sparus aurata) ;;;;;;;;;;;;;;;;;;
452;13;4775248,44;544201,94;305.;4.11.2020;31941;m2;50;lubin (Dicentrarchus labrax);komarca (Sparus aurata) ;;;;;;;;;;;;;;;;;;
452;15;4775227,44;544199,43;305.;4.11.2020;31941;m2;50;lubin (Dicentrarchus labrax);komarca (Sparus aurata) ;;;;;;;;;;;;;;;;;;
452;16;4775205,79;544199,47;305.;4.11.2020;31941;m2;50;lubin (Dicentrarchus labrax);komarca (Sparus aurata) ;;;;;;;;;;;;;;;;;;
452;17;4775191,52;544199,33;305.;4.11.2020;31941;m2;50;lubin (Dicentrarchus labrax);komarca (Sparus aurata) ;;;;;;;;;;;;;;;;;;
452;18;4775185,14;544196,99;305.;4.11.2020;31941;m2;50;lubin (Dicentrarchus labrax);komarca (Sparus aurata) ;;;;;;;;;;;;;;;;;;
452;19;4775182,38;544193,98;305.;4.11.2020;31941;m2;50;lubin (Dicentrarchus labrax);komarca (Sparus aurata) ;;;;;;;;;;;;;;;;;;
452;20;4775179,44;544192,04;305.;4.11.2020;31941;m2;50;lubin (Dicentrarchus labrax);komarca (Sparus aurata) ;;;;;;;;;;;;;;;;;;
452;21;4775170,92;544193,65;305.;4.11.2020;31941;m2;50;lubin (Dicentrarchus labrax);komarca (Sparus aurata) ;;;;;;;;;;;;;;;;;;
452;22;4775154,32;544193,21;305.;4.11.2020;31941;m2;50;lubin (Dicentrarchus labrax);komarca (Sparus aurata) ;;;;;;;;;;;;;;;;;;
452;23;4775148,13;544194,19;305.;4.11.2020;31941;m2;50;lubin (Dicentrarchus labrax);komarca (Sparus aurata) ;;;;;;;;;;;;;;;;;;
452;24;4775132,65;544191,57;305.;4.11.2020;31941;m2;50;lubin (Dicentrarchus labrax);komarca (Sparus aurata) ;;;;;;;;;;;;;;;;;;
452;25;4775115,88;544193,73;305.;4.11.2020;31941;m2;50;lubin (Dicentrarchus labrax);komarca (Sparus aurata) ;;;;;;;;;;;;;;;;;;
452;26;4775105,8;544192,57;305.;4.11.2020;31941;m2;50;lubin (Dicentrarchus labrax);komarca (Sparus aurata) ;;;;;;;;;;;;;;;;;;
452;27;4775090,81;544190,85;305.;4.11.2020;31941;m2;50;lubin (Dicentrarchus labrax);komarca (Sparus aurata) ;;;;;;;;;;;;;;;;;;
452;28;4775084,52;544187,61;305.;4.11.2020;31941;m2;50;lubin (Dicentrarchus labrax);komarca (Sparus aurata) ;;;;;;;;;;;;;;;;;;
452;29;4775082,55;544186,59;305.;4.11.2020;31941;m2;50;lubin (Dicentrarchus labrax);komarca (Sparus aurata) ;;;;;;;;;;;;;;;;;;
452;30;4775221,87;544074,25;305.;4.11.2020;31941;m2;50;lubin (Dicentrarchus labrax);komarca (Sparus aurata) ;;;;;;;;;;;;;;;;;;
452;31;4775454,45;544106,84;305.;4.11.2020;31941;m2;50;lubin (Dicentrarchus labrax);komarca (Sparus aurata) ;;;;;;;;;;;;;;;;;;
453;1;4877223,86;396836,36;306.;26.11.2020;36241;m2;250;lubin (Dicentrachus labrax); komarca (Sparus aurata); zubatac (Dentex dentex); pagar (Pagrus pagrus); hama (Argyrosomus regius); pic (Diplodus puntazzo); gof (Seriola dumerili);romb (Platichthys flesus);;;;;;;;;;;;
453;2;4877307,31;397002,77;306.;26.11.2020;36241;m2;250;lubin (Dicentrachus labrax); komarca (Sparus aurata); zubatac (Dentex dentex); pagar (Pagrus pagrus); hama (Argyrosomus regius); pic (Diplodus puntazzo); gof (Seriola dumerili);romb (Platichthys flesus);;;;;;;;;;;;
453;3;4877120,13;397097,53;306.;26.11.2020;36241;m2;250;lubin (Dicentrachus labrax); komarca (Sparus aurata); zubatac (Dentex dentex); pagar (Pagrus pagrus); hama (Argyrosomus regius); pic (Diplodus puntazzo); gof (Seriola dumerili);romb (Platichthys flesus);;;;;;;;;;;;
453;4;4877058,69;396930,01;306.;26.11.2020;36241;m2;250;lubin (Dicentrachus labrax); komarca (Sparus aurata); zubatac (Dentex dentex); pagar (Pagrus pagrus); hama (Argyrosomus regius); pic (Diplodus puntazzo); gof (Seriola dumerili);romb (Platichthys flesus);;;;;;;;;;;;
456;1;4903675,95;422142,11;311.;26.4.2021;10000;m2;50;dagnja (Mytilus galloprovincialis);kamenica (Ostrea edulis);;;;;;;;;;;;;;;;;;
456;2;4903596,06;422236,56;311.;26.4.2021;10000;m2;50;dagnja (Mytilus galloprovincialis);kamenica (Ostrea edulis);;;;;;;;;;;;;;;;;;
456;3;4903533,62;422184,16;311.;26.4.2021;10000;m2;50;dagnja (Mytilus galloprovincialis);kamenica (Ostrea edulis);;;;;;;;;;;;;;;;;;
456;4;4903615,5;422089,71;311.;26.4.2021;10000;m2;50;dagnja (Mytilus galloprovincialis);kamenica (Ostrea edulis);;;;;;;;;;;;;;;;;;
457;1;4861523,4;413191,82;312.;29.4.2021;10905;m2;50;lubin (Dicentrarchus labrax); komarca (Sparus aurata);pic (Diplodus  puntazzo);;;;;;;;;;;;;;;;;
457;2;4861534,36;413304,04;312.;29.4.2021;10905;m2;50;lubin (Dicentrarchus labrax); komarca (Sparus aurata);pic (Diplodus  puntazzo);;;;;;;;;;;;;;;;;
457;3;4861436,45;413298,26;312.;29.4.2021;10905;m2;50;lubin (Dicentrarchus labrax); komarca (Sparus aurata);pic (Diplodus  puntazzo);;;;;;;;;;;;;;;;;
457;4;4861425,48;413186,03;312.;29.4.2021;10905;m2;50;lubin (Dicentrarchus labrax); komarca (Sparus aurata);pic (Diplodus  puntazzo);;;;;;;;;;;;;;;;;
458;1;4903970,08;421180,87;313.;5.5.2021;36000;m2;300;dagnja (Mytilus galloprovincialis);kamenica (Ostrea edulis);;;;;;;;;;;;;;;;;;
458;2;4903865,06;421398,12;313.;5.5.2021;36000;m2;300;dagnja (Mytilus galloprovincialis);kamenica (Ostrea edulis);;;;;;;;;;;;;;;;;;
458;3;4903846,57;421638,71;313.;5.5.2021;36000;m2;300;dagnja (Mytilus galloprovincialis);kamenica (Ostrea edulis);;;;;;;;;;;;;;;;;;
458;4;4903774,24;421633,15;313.;5.5.2021;36000;m2;300;dagnja (Mytilus galloprovincialis);kamenica (Ostrea edulis);;;;;;;;;;;;;;;;;;
458;5;4903793,8;421378,9;313.;5.5.2021;36000;m2;300;dagnja (Mytilus galloprovincialis);kamenica (Ostrea edulis);;;;;;;;;;;;;;;;;;
458;6;4903904,76;421149,3;313.;5.5.2021;36000;m2;300;dagnja (Mytilus galloprovincialis);kamenica (Ostrea edulis);;;;;;;;;;;;;;;;;;
459;1;4903092,47;422552,1;314. ;17.8.2021;8000;m2;70;dagnja (Mytilus galloprovincialis);kamenica (Ostrea edulis);;;;;;;;;;;;;;;;;;
459;2;4902951,28;422627,36;314. ;17.8.2021;8000;m2;70;dagnja (Mytilus galloprovincialis);kamenica (Ostrea edulis);;;;;;;;;;;;;;;;;;
459;3;4902927,75;422583,24;314. ;17.8.2021;8000;m2;70;dagnja (Mytilus galloprovincialis);kamenica (Ostrea edulis);;;;;;;;;;;;;;;;;;
459;4;4903068,95;422507,97;314. ;17.8.2021;8000;m2;70;dagnja (Mytilus galloprovincialis);kamenica (Ostrea edulis);;;;;;;;;;;;;;;;;;
460;1;4895320,33;424031,76;315. ;13.9.2021;5625;m2;50;dagnja (Mytilus galloprovincialis); kamenica (Ostrea edulis); jakovljeva kapica (Pecten jacobeus); valovita jakovljeva kapica (Flexopecten glaber); glatka jakovljeva kapica (Flexopecten flexuosus); ?ešlja?a (Aequipecten opercularis);mala kapica (Mimachlamys varia);;;;;;;;;;;;;
460;2;4895318,96;424106,75;315. ;13.9.2021;5625;m2;50;dagnja (Mytilus galloprovincialis); kamenica (Ostrea edulis); jakovljeva kapica (Pecten jacobeus); valovita jakovljeva kapica (Flexopecten glaber); glatka jakovljeva kapica (Flexopecten flexuosus); ?ešlja?a (Aequipecten opercularis);mala kapica (Mimachlamys varia);;;;;;;;;;;;;
460;3;4895243,97;424105,38;315. ;13.9.2021;5625;m2;50;dagnja (Mytilus galloprovincialis); kamenica (Ostrea edulis); jakovljeva kapica (Pecten jacobeus); valovita jakovljeva kapica (Flexopecten glaber); glatka jakovljeva kapica (Flexopecten flexuosus); ?ešlja?a (Aequipecten opercularis);mala kapica (Mimachlamys varia);;;;;;;;;;;;;
460;4;4895245,34;424030,39;315. ;13.9.2021;5625;m2;50;dagnja (Mytilus galloprovincialis); kamenica (Ostrea edulis); jakovljeva kapica (Pecten jacobeus); valovita jakovljeva kapica (Flexopecten glaber); glatka jakovljeva kapica (Flexopecten flexuosus); ?ešlja?a (Aequipecten opercularis);mala kapica (Mimachlamys varia);;;;;;;;;;;;;
